CP;lat/ln;Distance (meters);Zona;Tarifa
1049;19.35362603, -99.19664528;3.549858686;Sur1;60
1109;19.39149597, -99.20779958;3.358611633;Poniente;60
1120;19.40023811, -99.20155058;3.314292067;Poniente;60
1125;19.39696137, -99.20671033;3.530175114;Poniente;60
1160;19.38774294, -99.20376032;2.819934439;Poniente;60
1180;19.38922523, -99.19274354;1.832106705;Centro;40
1200;19.38672406, -99.21716;4.163082081;Poniente;60
1230;19.3789864, -99.24251037;6.762220141;Poniente;90
1239;19.37963825, -99.23957832;6.453488258;Poniente;90
1276;19.3801467, -99.21767397;4.155450334;Poniente;60
1279;19.3848555, -99.21948982;4.37519339;Poniente;60
1280;19.38383744, -99.20562248;2.917822977;Poniente;60
1299;19.3754018, -99.22636983;5.096865381;Poniente;60
1310;19.38165408, -99.25169469;7.725413947;Poniente;90
1340;19.3808806, -99.24553901;7.078570029;Poniente;90
1400;19.37419716, -99.2069092;3.101554186;Poniente;60
1407;19.37098459, -99.22429128;4.959146256;Poniente;60
1440;19.3708678, -99.20895449;3.406502565;Poniente;60
1450;19.37029526, -99.21201708;3.731953363;Poniente;60
1480;19.36804124, -99.20290891;2.941832869;Poniente;60
1490;19.37026316, -99.19704297;2.283030116;Centro;40
1500;19.35553215, -99.2540592;8.435039647;Sur1;90
1520;19.36605181, -99.24162801;6.854071038;Poniente;90
1540;19.35844337, -99.24229713;7.163705485;Poniente;90
1600;19.36519878, -99.20226654;3.044598359;Poniente;60
1618;19.36078352, -99.22365589;5.25262654;Poniente;60
1619;19.35997452, -99.22529452;5.446351858;Poniente;60
1640;19.35781535, -99.22948876;5.9464332;Poniente;60
1708;19.34398579, -99.22857542;6.662834188;Sur1;90
1720;19.34212843, -99.24357438;8.078229023;Sur1;90
1750;19.35512388, -99.22213414;5.405298128;Sur1;60
1759;19.3491968, -99.21977458;5.578106792;Sur1;60
1760;19.349559, -99.20897797;4.712544318;Sur1;60
1780;19.33710725, -99.2266086;7.000909456;Sur1;90
1788;19.33611063, -99.23381967;7.639909811;Sur1;90
1810;19.3389517, -99.25719069;9.489922907;Sur1;140
1830;19.32591605, -99.28458812;12.70752493;Sur1;140
1840;19.33128454, -99.24806904;9.146368948;Sur1;140
1856;19.3157323, -99.27193346;12.18823728;Sur1;140
1860;19.32203416, -99.2621252;10.94384966;Sur1;140
2060;19.47422035, -99.17805867;10.44301283;Norte2;140
2128;19.50182084, -99.18705462;13.5449291;Norte1;140
2260;19.48906991, -99.18038013;12.09665664;Norte1;140
2400;19.48969933, -99.20459049;12.47828906;Norte1;140
2409;19.4869623, -99.20584306;12.21246678;Norte1;140
2420;19.49835744, -99.20827116;13.5037895;Norte1;140
2440;19.49067076, -99.21172979;12.77000716;Norte1;140
2459;19.48937469, -99.19815256;12.30976367;Norte1;140
2470;19.48304398, -99.19530951;11.56648483;Norte1;140
2500;19.4720945, -99.1699336;10.24213091;Norte2;140
2519;19.48659131, -99.17311186;11.82997775;Norte2;140
2600;19.47561772, -99.1531559;10.91537047;Norte2;140
2640;19.4799337, -99.15633895;11.31000722;Norte2;140
2670;19.47470699, -99.16337749;10.60941886;Norte2;140
2729;19.48116855, -99.19916968;11.43200199;Norte1;140
2760;19.47816913, -99.19703285;11.06249758;Norte1;140
2790;19.47437642, -99.19165156;10.55703755;Norte1;140
2800;19.46455291, -99.16815264;9.425464604;Norte2;140
2810;19.46820295, -99.16344324;9.893348886;Norte2;140
2830;19.46780075, -99.17369766;9.739928923;Norte2;140
2870;19.45955781, -99.17365207;8.824722117;Norte2;90
2960;19.46837347, -99.14670578;10.33006536;Norte2;140
2970;19.46664338, -99.15764906;9.836172074;Norte2;140
3000;19.40274728, -99.15562877;3.429673974;Centro;40
3020;19.39217664, -99.15766466;2.513717908;Centro;40
3104;19.37152803, -99.16974442;1.308778917;Centro;40
3240;19.36401365, -99.17407781;1.858914708;Centro;40
3313;19.36680871, -99.16519577;2.018028009;Centro;40
3320;19.3683643, -99.15758687;2.524712;Centro;40
3340;19.36048626, -99.15886266;2.98510892;Centro;40
3430;19.38758274, -99.14072724;3.998534882;Centro;40
3510;19.3952774, -99.13463568;4.849392381;Centro;40
3620;19.38235371, -99.14581841;3.38946928;Centro;40
3650;19.37604183, -99.15498635;2.466154133;Centro;40
3660;19.3748519, -99.14463968;3.557555474;Centro;40
3700;19.38169732, -99.1882173;1.076777712;Centro;40
3810;19.39365556, -99.17653033;1.493254608;Centro;40
3820;19.39407404, -99.18705801;1.798737524;Centro;40
3840;19.38718857, -99.17779855;0.7660147959;Centro;40
3910;19.37283002, -99.18998582;1.501985625;Centro;40
4000;19.34734114, -99.16225192;4.02294325;Sur2;60
4040;19.34546468, -99.14833228;4.973159115;Sur2;60
4110;19.35805445, -99.17134798;2.572239073;Centro;40
4210;19.35140013, -99.14037928;5.094448267;Sur2;60
4239;19.3569384, -99.12338522;6.296383151;Sur2;90
4240;19.34638378, -99.12772679;6.488860079;Sur2;90
4250;19.34562683, -99.1248106;6.787609788;Sur2;90
4259;19.34783993, -99.11938069;7.135984401;Sur2;90
4300;19.3199225, -99.15966649;6.985886724;Sur2;90
4307;19.32990327, -99.15731895;6.011851614;Sur2;90
4309;19.33134216, -99.15095873;6.141938638;Sur2;90
4320;19.34042271, -99.16606514;4.609632015;Sur2;60
4337;19.336346, -99.1500358;5.703877978;Sur2;60
4440;19.33092335, -99.11434497;8.650339765;Sur2;90
4460;19.32837953, -99.13450199;7.363218686;Sur2;90
4470;19.32614895, -99.12611348;8.121599004;Sur2;90
4480;19.32437001, -99.11846806;8.818608778;Sur2;90
4490;19.32359827, -99.10816999;9.670519142;Sur2;140
4510;19.32123973, -99.18492614;6.607042842;Sur1;90
4535;19.30651568, -99.18208065;8.21572375;Sur1;90
4630;19.31931926, -99.15140629;7.335071664;Sur2;90
4640;19.31779549, -99.14290055;7.868727871;Sur2;90
4660;19.30600875, -99.15938785;8.490320604;Sur2;90
4700;19.30639567, -99.17152885;8.246730994;Sur2;90
4710;19.30418577, -99.16983371;8.507832042;Sur2;90
4718;19.30527947, -99.17340791;8.356598345;Sur2;90
4719;19.30425192, -99.17387954;8.467957992;Sur2;90
4739;19.30394308, -99.16225288;8.651364342;Sur2;90
4800;19.31463683, -99.11810099;9.637799048;Sur2;140
4870;19.31757607, -99.13515767;8.30116474;Sur2;90
4890;19.31354722, -99.12892594;9.03731053;Sur2;140
4909;19.31511565, -99.10313508;10.69260055;Sur2;140
4919;19.3175319, -99.11032497;9.960830397;Sur2;140
4920;19.3079463, -99.12310157;9.898548157;Sur2;140
4929;19.30787312, -99.11993632;10.10208889;Sur2;140
4950;19.30255575, -99.10909751;11.27341401;Sur2;140
5039;19.36932076, -99.30661829;13.54079554;Poniente;140
5060;19.36371374, -99.2842346;11.28954072;Poniente;140
5110;19.38551399, -99.25038375;7.608443468;Poniente;90
5119;19.38067596, -99.25771258;8.355321712;Poniente;90
5120;19.38722727, -99.25675734;8.290673106;Poniente;90
5200;19.36857638, -99.28775106;11.58016415;Poniente;140
5214;19.37797183, -99.28029762;10.72747989;Poniente;140
5230;19.37423715, -99.28861593;11.61663081;Poniente;140
5260;19.36481603, -99.29145074;12.01875766;Poniente;140
5280;19.36439768, -99.29633644;12.53268614;Poniente;140
5348;19.35569449, -99.27141695;10.16859642;Sur1;140
5370;19.3527702, -99.28558983;11.68844024;Sur1;140
5500;19.34447363, -99.29810625;13.20886415;Sur1;140
5600;19.3409164, -99.28417614;11.96299017;Sur1;140
6010;19.43960518, -99.13662381;7.897081292;Centro;40
6050;19.43374787, -99.14431529;6.916598101;Centro;40
6080;19.42603966, -99.13885763;6.539611007;Centro;40
6090;19.42591661, -99.13065466;7.102249451;Centro;40
6140;19.41464233, -99.17636793;3.822360644;Centro;40
6250;19.45664816, -99.13478017;9.62617839;Norte2;140
6270;19.45520579, -99.12774251;9.85952625;Norte2;140
6300;19.44431555, -99.14299167;8.011690651;Norte2;90
6430;19.46175635, -99.14861278;9.569014182;Norte2;140
6450;19.4585698, -99.15644098;8.993181629;Norte2;90
6600;19.42716641, -99.16155702;5.490746439;Centro;40
6720;19.41686352, -99.14893673;5.084815024;Centro;40
6860;19.41012436, -99.13289875;5.781886005;Centro;40
6870;19.41168024, -99.13005946;6.12511179;Centro;40
7460;19.47871725, -99.10266257;13.50031779;Norte2;140
7470;19.47516778, -99.10525733;13.021104;Norte2;140
7754;19.49213114, -99.14730791;12.84587422;Norte2;140
7755;19.49641028, -99.14932145;13.25740708;Norte2;140
7780;19.47368085, -99.14298624;11.01515703;Norte2;140
7820;19.47123411, -99.10905937;12.43324006;Norte2;140
7838;19.46112531, -99.10142768;12.05588301;Norte2;140
7839;19.46618222, -99.09952568;12.60994291;Norte2;140
7890;19.45655629, -99.10621099;11.34292226;Norte2;140
8029;19.38666068, -99.09936233;8.284837608;Oriente;90
8100;19.41139696, -99.06465961;12.38608881;Oriente;140
8200;19.40123843, -99.13106595;5.450981279;Centro;40
8230;19.39585413, -99.12505538;5.822158088;Centro;40
8320;19.40013166, -99.11486121;6.985684804;Oriente;90
8420;19.40472574, -99.08068735;10.56778648;Oriente;140
8510;19.39329458, -99.08533951;9.83200431;Oriente;140
8560;19.39577939, -99.06474104;12.0097172;Oriente;140
8580;19.39052949, -99.06900751;11.49484947;Oriente;140
8610;19.39492041, -99.12121519;6.17983462;Centro;40
8710;19.39631854, -99.11180882;7.173424825;Oriente;90
8720;19.39566824, -99.1066288;7.684542226;Oriente;90
8760;19.38808898, -99.1057055;7.638458198;Oriente;90
8810;19.38647308, -99.12975791;5.112604176;Centro;40
8820;19.38646742, -99.12380694;5.731707133;Centro;40
8910;19.38827045, -99.12025381;6.127615756;Centro;40
9020;19.38536692, -99.079158;10.38921143;Oriente;140
9060;19.36496653, -99.11490089;6.841184939;Oriente;90
9080;19.35918988, -99.12555962;5.986767364;Centro;40
9089;19.36376218, -99.12547965;5.81413683;Centro;40
9099;19.35762355, -99.11943486;6.646757088;Oriente;90
9200;19.35795968, -99.05601488;13.04142498;Oriente;140
9207;19.36928682, -99.05456807;13.01168484;Oriente;140
9210;19.39153737, -99.05442781;13.02773355;Oriente;140
9220;19.38547745, -99.05388208;13.03789547;Oriente;140
9270;19.34697857, -99.05535899;13.39458364;Sur2;140
9280;19.34624547, -99.05175912;13.78009357;Sur2;140
9319;19.38520088, -99.07253563;11.08197518;Oriente;140
9320;19.37365026, -99.06552908;11.82710805;Oriente;140
9330;19.3697341, -99.06971987;11.42509617;Oriente;140
9350;19.35789183, -99.06847656;11.76235631;Oriente;140
9359;19.35777418, -99.06789422;11.82483353;Oriente;140
9420;19.37839552, -99.10519059;7.646431219;Oriente;90
9430;19.37943482, -99.11755708;6.347021013;Oriente;90
9438;19.37624546, -99.11625253;6.498876573;Oriente;90
9440;19.37197818, -99.13017345;5.107615905;Centro;40
9480;19.35794125, -99.13594174;5.069826424;Centro;40
9710;19.34079601, -99.06113899;13.02866815;Sur2;140
9719;19.34151439, -99.06145648;12.97050967;Sur2;140
9740;19.33244156, -99.0608183;13.40169619;Sur2;140
9767;19.32556197, -99.06108814;13.69831735;Sur2;140
9780;19.3194082, -99.06588917;13.577162;Sur2;140
9810;19.3533652, -99.11388852;7.368016337;Sur2;90
9819;19.34779063, -99.11486347;7.55118849;Sur2;90
9820;19.35196169, -99.10056388;8.718958406;Sur2;90
9840;19.34571182, -99.10952192;8.154116349;Sur2;90
9849;19.345151, -99.10339163;8.754121279;Sur2;90
9850;19.33559628, -99.0838337;11.06467;Sur2;140
9858;19.34628135, -99.08108186;10.85401282;Sur2;140
9868;19.32837027, -99.07163563;12.56995419;Sur2;140
9870;19.32745287, -99.10076109;10.01491715;Sur2;140
9889;19.32084357, -99.08191664;12.06041508;Sur2;140
9910;19.31331806, -99.07604606;13.0394957;Sur2;140
9970;19.29932089, -99.07803408;13.82841384;Sur2;140
10130;19.33601099, -99.21169388;6.058734053;Sur1;90
10290;19.32969831, -99.21189544;6.653227479;Sur1;90
10330;19.32052523, -99.2538487;10.36380119;Sur1;140
10360;19.307996, -99.26234824;11.95209249;Sur1;140
10368;19.30714941, -99.25898759;11.75855449;Sur1;140
10378;19.31517286, -99.25014263;10.47112639;Sur1;140
10380;19.31673313, -99.24635859;10.06548115;Sur1;140
10400;19.31834119, -99.22583703;8.520428641;Sur1;90
10500;19.3122523, -99.2364827;9.738154295;Sur1;140
10600;19.30960459, -99.25018653;10.9118169;Sur1;140
10640;19.30390016, -99.25101599;11.43546426;Sur1;140
10650;19.3040911, -99.26043752;12.10452896;Sur1;140
10730;19.30945759, -99.22674439;9.38883508;Sur1;140
10820;19.30657016, -99.23201124;9.963078228;Sur1;140
10900;19.29322128, -99.24631568;12.04379095;Sur1;140
11040;19.42363994, -99.20328181;5.497122283;Poniente;60
11100;19.41054561, -99.2073868;4.5574091;Poniente;60
11200;19.4479168, -99.21363434;8.393025264;Norte1;90
11290;19.4613927, -99.19411377;9.172491495;Norte1;140
11350;19.45476136, -99.16901799;8.333382753;Norte2;90
11360;19.4504863, -99.1655243;7.913843129;Norte2;90
11410;19.45669609, -99.18888267;8.56991195;Norte1;90
11440;19.45042169, -99.19114805;7.9166423;Norte1;90
11450;19.44701412, -99.18941297;7.512786102;Norte1;90
11479;19.45353358, -99.19768348;8.398810111;Norte1;90
11510;19.43628205, -99.20978531;7.058001141;Poniente;90
11530;19.43390914, -99.20444641;6.571740184;Poniente;90
11560;19.43227033, -99.18676125;5.850024273;Centro;40
11580;19.42144365, -99.1879083;4.689708194;Centro;40
11700;19.40335333, -99.24524662;7.498716134;Poniente;90
11860;19.40545617, -99.19288501;3.200046197;Centro;40
11910;19.39218926, -99.24315707;6.954909734;Poniente;90
11920;19.39920561, -99.23804911;6.634017505;Poniente;90
11950;19.39932975, -99.22888618;5.735613555;Poniente;60
14020;19.29869066, -99.18740428;9.127801255;Sur1;140
14030;19.300613, -99.17301064;8.877041816;Sur2;90
14038;19.30078684, -99.17849826;8.842017579;Sur1;90
14070;19.29629676, -99.17508026;9.346396783;Sur2;140
14098;19.28351423, -99.16245041;10.8864118;Sur2;140
14129;19.30959112, -99.21954152;8.987067616;Sur1;90
14130;19.30181619, -99.21957953;9.754276064;Sur1;140
14150;19.30232343, -99.22644892;10.04805818;Sur1;140
14160;19.30092173, -99.22397313;10.05588327;Sur1;140
14200;19.28447984, -99.21910751;11.49273234;Sur1;140
14208;19.28667361, -99.2194336;11.28005774;Sur1;140
14209;19.28111381, -99.22827021;12.22315528;Sur1;140
14240;19.29146239, -99.22329118;10.959607;Sur1;140
14269;19.29026237, -99.17718614;10.01258255;Sur2;140
14273;19.26417235, -99.22884426;13.96961156;Sur1;140
14275;19.26521351, -99.20837132;13.18682221;Sur1;140
14276;19.25995832, -99.19830492;13.54941031;Sur1;140
14300;19.29945391, -99.12681769;10.47500919;Sur2;140
14307;19.29973582, -99.1214206;10.75046419;Sur2;140
14309;19.29899301, -99.12106022;10.84021243;Sur2;140
14326;19.29918097, -99.11846248;10.97574059;Sur2;140
14329;19.29481851, -99.11694108;11.46631337;Sur2;140
14334;19.29750612, -99.1108152;11.59912508;Sur2;140
14335;19.29696233, -99.10645677;11.92973764;Sur2;140
14337;19.29879114, -99.10558395;11.83108843;Sur2;140
14338;19.29745335, -99.10250175;12.15386993;Sur2;140
14339;19.29705596, -99.10429903;12.06559433;Sur2;140
14350;19.30193226, -99.12920126;10.11038588;Sur2;140
14357;19.29556782, -99.13313487;10.53542374;Sur2;140
14408;19.2563874, -99.16329352;13.86572155;Sur2;140
14426;19.27458017, -99.18707291;11.79393198;Sur1;140
14429;19.271926, -99.18622874;12.08152696;Sur1;140
14430;19.27614361, -99.17195816;11.5997725;Sur2;140
14439;19.27181373, -99.17544296;12.06667933;Sur2;140
14449;19.26966755, -99.18169067;12.30810308;Sur1;140
14450;19.26716711, -99.18494825;12.60099188;Sur1;140
14629;19.28304764, -99.16037716;10.97238703;Sur2;140
14630;19.27491163, -99.16549997;11.79294275;Sur2;140
14730;19.27068002, -99.23244818;13.45946992;Sur1;140
14738;19.27204843, -99.23930257;13.6454101;Sur1;140
14740;19.27321444, -99.22628492;12.93841462;Sur1;140
15220;19.45308508, -99.11992216;10.13241979;Norte2;140
15339;19.44413518, -99.10469816;10.46749977;Norte2;140
15380;19.43324126, -99.11335654;8.983088316;Oriente;90
15390;19.43061829, -99.11194309;8.909651276;Oriente;90
15400;19.442113, -99.09734562;10.90355501;Norte2;140
15530;19.43246714, -99.09687902;10.30193388;Oriente;140
15600;19.42512598, -99.06354164;13.00355958;Oriente;140
15670;19.42013735, -99.0721698;11.95644225;Oriente;140
15700;19.4205271, -99.08855818;10.39800475;Oriente;140
15720;19.41631485, -99.08332426;10.71250355;Oriente;140
15850;19.40767592, -99.11814287;6.982545977;Oriente;90
15860;19.41042979, -99.1162783;7.294467107;Oriente;90
15970;19.42087759, -99.11578593;7.937969343;Oriente;90
15980;19.41537907, -99.11656387;7.537283382;Oriente;90
16029;19.264362, -99.13517781;13.65479944;Sur2;140
16034;19.28138629, -99.10879368;13.18334202;Sur2;140
16039;19.27146042, -99.11956165;13.57035154;Sur2;140
9240;19.35708514, -99.06479111;12.1592231;Oriente;140
1010;19.36048047, -99.19406336;2.770834267;Centro;40
1020;19.35680272, -99.18719435;2.78340617;Sur1;60
1048;19.3564367, -99.19486293;3.186022648;Sur1;60
1050;19.34967518, -99.18245238;3.436813643;Sur1;60
1080;19.33984785, -99.20483621;5.303581829;Sur1;60
1089;19.33750876, -99.20315483;5.438374288;Sur1;60
1090;19.337273, -99.19868861;5.251523367;Sur1;60
1100;19.39283045, -99.20500224;3.150716437;Poniente;60
1110;19.39497328, -99.21777321;4.473605628;Poniente;60
1140;19.39650027, -99.19523441;2.547340945;Centro;40
1150;19.39036583, -99.19889319;2.455100383;Centro;40
1170;19.38831296, -99.20661197;3.124596529;Poniente;60
1184;19.38527185, -99.19507093;1.868001886;Centro;40
1220;19.38922729, -99.22850254;5.383350723;Poniente;60
1240;19.38170802, -99.23838875;6.330169687;Poniente;90
1259;19.37984063, -99.23305613;5.769148956;Poniente;60
1269;19.38234384, -99.22679202;5.116839649;Poniente;60
1270;19.37988545, -99.21472638;3.846512972;Poniente;60
1278;19.38172902, -99.22103455;4.510681124;Poniente;60
1285;19.38053006, -99.20854912;3.198364362;Poniente;60
1289;19.38278527, -99.20869748;3.225626844;Poniente;60
1290;19.37482663, -99.22781398;5.254544569;Poniente;60
1296;19.37649653, -99.23266656;5.743738571;Poniente;60
1330;19.37072609, -99.2671354;9.404401639;Poniente;140
1377;19.37197499, -99.24129986;6.698136875;Poniente;90
1379;19.36277773, -99.25054203;7.849266408;Poniente;90
1408;19.37237367, -99.21801324;4.282863449;Poniente;60
1419;19.37930029, -99.20132814;2.443386795;Poniente;60
1460;19.37596704, -99.1952679;1.868474793;Centro;40
1509;19.3594254, -99.23937425;6.838212179;Poniente;90
1510;19.36630506, -99.23739614;6.416107613;Poniente;90
1538;19.36214712, -99.25160122;7.974422328;Poniente;90
1539;19.36236232, -99.24847624;7.651463021;Poniente;90
1548;19.3556782, -99.24239549;7.283402888;Sur1;90
1550;19.35912068, -99.23612063;6.530356785;Poniente;90
1560;19.36256529, -99.23141044;5.934004747;Poniente;60
1569;19.35938644, -99.23303885;6.218811414;Poniente;90
1588;19.34795899, -99.24610635;7.993363411;Sur1;90
1590;19.35396884, -99.24531658;7.639087053;Sur1;90
1620;19.36308946, -99.21379884;4.209515611;Poniente;60
1650;19.35321391, -99.23871479;7.039999176;Sur1;90
1700;19.34230009, -99.2267578;6.630085839;Sur1;90
1730;19.34610417, -99.23393498;6.987223437;Sur1;90
1800;19.3302272, -99.27148526;11.27268189;Sur1;140
1820;19.3433227, -99.25901879;9.436321281;Sur1;140
1849;19.33228522, -99.25360663;9.556486431;Sur1;140
1857;19.31807113, -99.26755303;11.6637731;Sur1;140
1863;19.31190931, -99.27136667;12.39648001;Sur1;140
1900;19.31988769, -99.2070328;7.373704881;Sur1;90
1990;19.30910312, -99.21111938;8.643666749;Sur1;90
2020;19.48663556, -99.17898206;11.82391647;Norte1;140
2070;19.47317976, -99.18552021;10.35690307;Norte1;140
2080;19.46629557, -99.181625;9.569129169;Norte1;140
2120;19.50323489, -99.19239242;13.75165748;Norte1;140
2130;19.49948758, -99.20065292;13.46269486;Norte1;140
2169;19.48979031, -99.19205735;12.26248547;Norte1;140
2240;19.4927258, -99.18249786;12.50938665;Norte1;140
2250;19.49199219, -99.17583355;12.42134121;Norte2;140
2300;19.49536042, -99.16366003;12.88245841;Norte2;140
2320;19.49011602, -99.15380067;12.47266068;Norte2;140
2330;19.48897103, -99.15930138;12.24224733;Norte2;140
2350;19.48242557, -99.16473763;11.44098472;Norte2;140
2360;19.48754973, -99.16480584;12.00587107;Norte2;140
2430;19.49588937, -99.20164397;13.08826824;Norte1;140
2480;19.48512498, -99.19999338;11.88032991;Norte1;140
2490;19.483087, -99.19140933;11.5143617;Norte1;140
2525;19.49163667, -99.17191597;12.39636309;Norte2;140
2530;19.47285139, -99.17461584;10.29712269;Norte2;140
2630;19.4825153, -99.15289269;11.66771591;Norte2;140
2650;19.47834002, -99.15105997;11.26274391;Norte2;140
2660;19.47764225, -99.160689;10.97570062;Norte2;140
2700;19.47533447, -99.2040866;10.91369867;Norte1;140
2710;19.48403902, -99.20976696;12.00445203;Norte1;140
2718;19.48560842, -99.2164511;12.38205268;Norte1;140
2730;19.48004076, -99.19127136;11.17642327;Norte1;140
2739;19.4822829, -99.19257544;11.44124527;Norte1;140
2750;19.47698466, -99.21036873;11.27165843;Norte1;140
2770;19.47521602, -99.19436117;10.69128838;Norte1;140
2840;19.46392685, -99.17472789;9.304987046;Norte2;140
2850;19.4629492, -99.16371116;9.312074598;Norte2;140
2930;19.47045171, -99.15245063;10.37743229;Norte2;140
2980;19.46554505, -99.15173844;9.872063871;Norte2;140
2990;19.46578756, -99.14648423;10.06552218;Norte2;140
3100;19.38365687, -99.16779914;1.138907487;Centro;40
3103;19.39523521, -99.16614401;2.078056514;Centro;40
3220;19.37097685, -99.17206754;1.21268183;Centro;40
3300;19.36162416, -99.14891858;3.695727877;Centro;40
3303;19.36915203, -99.14950485;3.241780031;Centro;40
3310;19.3683094, -99.16025314;2.295084955;Centro;40
3330;19.36183489, -99.16671752;2.373378214;Centro;40
3500;19.38157918, -99.13724526;4.28342335;Centro;40
3520;19.39009459, -99.13560049;4.584617805;Centro;40
3530;19.38740328, -99.13613943;4.467291697;Centro;40
3550;19.37319305, -99.13869808;4.203821768;Centro;40
3570;19.36588961, -99.14014243;4.288178629;Centro;40
3580;19.36125516, -99.14104738;4.422701207;Centro;40
3600;19.38191015, -99.15359095;2.572718529;Centro;40
3610;19.38234454, -99.14174748;3.815564375;Centro;40
3630;19.37970583, -99.14803108;3.150430767;Centro;40
3710;19.38329343, -99.18007736;0.3941208869;Centro;40
3730;19.37833975, -99.18465199;0.7252710843;Centro;40
3740;19.37701305, -99.1799093;0.4142364811;Centro;40
3920;19.37268797, -99.18341827;1.016487617;Centro;40
4010;19.34813385, -99.17258701;3.622915376;Sur2;60
4030;19.3478664, -99.15357498;4.427939056;Sur2;60
4120;19.35377406, -99.14847324;4.281910611;Sur2;60
4260;19.33888494, -99.11852933;7.759666138;Sur2;90
4280;19.33965916, -99.12435927;7.222307155;Sur2;90
4310;19.34208061, -99.17487172;4.26337299;Sur2;60
4317;19.34451573, -99.18052607;3.98787986;Sur1;60
4319;19.34123744, -99.18510362;4.406420522;Sur1;60
4326;19.34018482, -99.16159478;4.783731263;Sur2;60
4327;19.34165081, -99.16137765;4.640629169;Sur2;60
4330;19.33779325, -99.15515057;5.30281779;Sur2;60
4338;19.3355553, -99.1516375;5.695766939;Sur2;60
4350;19.33871968, -99.18065064;4.631949622;Sur1;60
4359;19.33745415, -99.18199068;4.782504222;Sur1;60
4370;19.33669243, -99.14462416;5.984936224;Sur2;60
4390;19.32707565, -99.14974924;6.622085225;Sur2;90
4410;19.33857703, -99.13450529;6.511873198;Sur2;90
4420;19.33308224, -99.12555388;7.609984368;Sur2;90
4600;19.31140655, -99.15327958;8.090127367;Sur2;90
4610;19.32821434, -99.14072572;6.992030377;Sur2;90
4650;19.30675426, -99.14785088;8.770982637;Sur2;90
4729;19.3102759, -99.17169178;7.815362752;Sur2;90
4730;19.29994133, -99.15584926;9.234741726;Sur2;140
4738;19.30770634, -99.16661519;8.161281062;Sur2;90
4810;19.31868686, -99.13224349;8.369415105;Sur2;90
4830;19.31927275, -99.12857124;8.544629471;Sur2;90
4840;19.31962927, -99.12173912;8.968325764;Sur2;90
4850;19.3058211, -99.12709018;9.858468408;Sur2;140
4899;19.31070468, -99.13080717;9.190752187;Sur2;140
4908;19.32365205, -99.10410425;9.99402476;Sur2;140
4910;19.31976646, -99.10833598;9.940816576;Sur2;140
4918;19.31090471, -99.10824723;10.6393671;Sur2;140
4938;19.30923086, -99.11673845;10.19054943;Sur2;140
4940;19.30419467, -99.11864487;10.51093594;Sur2;140
4960;19.3035291, -99.1041745;11.53130633;Sur2;140
4970;19.30306907, -99.11231296;11.01535305;Sur2;140
4980;19.30772786, -99.13801483;9.098204985;Sur2;140
5000;19.35778037, -99.29900283;12.93205098;Poniente;140
5010;19.35565033, -99.30797205;13.90116918;Sur1;140
5030;19.3598237, -99.29668064;12.65020321;Poniente;140
5100;19.37713401, -99.27238867;9.901038057;Poniente;140
5128;19.38569592, -99.26394181;9.028419142;Poniente;140
5220;19.37303824, -99.29081598;11.85540741;Poniente;140
5240;19.36548427, -99.28247951;11.0768947;Poniente;140
5310;19.36155524, -99.28716109;11.63319278;Poniente;140
5320;19.36332249, -99.27747434;10.59823503;Poniente;140
5349;19.34386194, -99.27376475;10.82701673;Sur1;140
5360;19.35387239, -99.2915863;12.26664997;Sur1;140
5379;19.35397445, -99.28771749;11.87021342;Sur1;140
5530;19.35092418, -99.29361683;12.55495018;Sur1;140
5780;19.36231699, -99.30568937;13.53702148;Poniente;140
6020;19.43844902, -99.12854896;8.292303109;Centro;40
6040;19.43091999, -99.14993161;6.354448199;Centro;40
6070;19.42891973, -99.14520365;6.410641893;Centro;40
6100;19.40926293, -99.17124177;3.298507474;Centro;40
6220;19.46174962, -99.13435607;10.14992989;Norte2;140
6280;19.45389374, -99.12628407;9.820339606;Norte2;140
6400;19.44834366, -99.15882895;7.829823542;Norte2;90
6470;19.43798457, -99.16251154;6.61779259;Centro;40
6700;19.41833452, -99.16271458;4.524670223;Centro;40
6760;19.40650564, -99.16233967;3.347629796;Centro;40
6800;19.41502777, -99.13932677;5.60451372;Centro;40
6850;19.40457253, -99.13135302;5.592872885;Centro;40
6920;19.45906891, -99.14328907;9.486943233;Norte2;140
7020;19.48488647, -99.12165304;13.04677315;Norte2;140
7050;19.48392196, -99.11366319;13.35472007;Norte2;140
7300;19.49302435, -99.12918824;13.54101721;Norte2;140
7450;19.47806807, -99.09532788;13.90818756;Norte2;140
7480;19.47154879, -99.09697987;13.23743138;Norte2;140
7730;19.49200494, -99.14190748;12.98615716;Norte2;140
7740;19.48791551, -99.14169051;12.55884452;Norte2;140
7750;19.49100142, -99.14984569;12.65950185;Norte2;140
7770;19.47858767, -99.14295316;11.5319869;Norte2;140
7830;19.46999921, -99.10387167;12.64896839;Norte2;140
7850;19.46726942, -99.11026221;12.00236334;Norte2;140
7858;19.46409307, -99.10569963;12.01598769;Norte2;140
7860;19.46478317, -99.11400511;11.54816414;Norte2;140
7870;19.46869347, -99.13201452;10.95045412;Norte2;140
7880;19.46019227, -99.11390761;11.14310604;Norte2;140
7889;19.46155728, -99.11836083;10.99194151;Norte2;140
7899;19.45223356, -99.10497446;11.07765392;Norte2;140
7930;19.47349504, -99.08975567;13.89686362;Norte2;140
7939;19.47409974, -99.09144464;13.83010716;Norte2;140
7940;19.46905527, -99.09185891;13.38287927;Norte2;140
7950;19.46893931, -99.08450925;13.90593411;Norte2;140
7960;19.45279278, -99.0983915;11.60912455;Norte2;140
8010;19.39293869, -99.08868186;9.479433643;Oriente;140
8020;19.38654629, -99.09648769;8.584269044;Oriente;90
8030;19.38760272, -99.09200602;9.062636096;Oriente;140
8180;19.40435127, -99.06675484;11.97657659;Oriente;140
8188;19.40722283, -99.06810361;11.91480304;Oriente;140
8189;19.4059443, -99.06844529;11.84514216;Oriente;140
8210;19.39897825, -99.12684984;5.758610814;Centro;40
8220;19.39412219, -99.12917789;5.352380096;Centro;40
8240;19.39212726, -99.12459872;5.759492458;Centro;40
8300;19.40113622, -99.12096245;6.421073012;Centro;40
8520;19.39174788, -99.07066223;11.33651352;Oriente;140
8600;19.390353, -99.11952137;6.240882918;Oriente;90
8619;19.39720834, -99.12134237;6.238801441;Centro;40
8620;19.39614453, -99.11635407;6.707540608;Oriente;90
8650;19.39231057, -99.11663062;6.580074082;Oriente;90
8770;19.38928762, -99.11460547;6.730237179;Oriente;90
8830;19.38098681, -99.1286281;5.185527562;Centro;40
8840;19.37761315, -99.12876406;5.179413548;Centro;40
8900;19.38409655, -99.10622366;7.546782091;Oriente;90
8920;19.38758189, -99.11693062;6.462705365;Oriente;90
8930;19.38470182, -99.1164364;6.48220559;Oriente;90
9040;19.37510319, -99.08931176;9.327131908;Oriente;140
9209;19.36703312, -99.05062919;13.44836384;Oriente;140
9219;19.38610714, -99.05274303;13.16047985;Oriente;140
9310;19.37312126, -99.0699607;11.36719491;Oriente;140
9366;19.36379217, -99.07670712;10.7891006;Oriente;140
9410;19.37543583, -99.10472997;7.710896373;Oriente;90
9429;19.379994, -99.10855936;7.290165125;Oriente;90
9460;19.36375935, -99.13483881;4.892777139;Centro;40
9479;19.36552141, -99.13003573;5.298953276;Centro;40
9720;19.33875201, -99.05740649;13.47426236;Sur2;140
9770;19.32757588, -99.06483074;13.2470205;Sur2;140
9779;19.32804035, -99.06161483;13.52810069;Sur2;140
9809;19.34125903, -99.10453963;8.850672265;Sur2;90
9829;19.35105521, -99.09525001;9.275790754;Sur2;140
9830;19.34601606, -99.07379946;11.58281522;Sur2;140
9839;19.33690089, -99.06742203;12.57010086;Sur2;140
9856;19.35079421, -99.0893582;9.86662867;Sur2;140
9857;19.34000422, -99.08353631;10.88159183;Sur2;140
9859;19.32994753, -99.08086265;11.63311261;Sur2;140
9860;19.33501655, -99.08246609;11.22182824;Sur2;140
9880;19.31765397, -99.08677153;11.84295023;Sur2;140
9890;19.31829279, -99.09336658;11.24703776;Sur2;140
9897;19.31235978, -99.0918023;11.78878383;Sur2;140
9899;19.32830148, -99.09267272;10.66211218;Sur2;140
9900;19.30585362, -99.07208441;13.86208205;Sur2;140
9979;19.30085551, -99.08113811;13.47035052;Sur2;140
10010;19.32435108, -99.24248823;9.186909889;Sur1;140
10100;19.33356286, -99.21350529;6.390714117;Sur1;90
10110;19.33144647, -99.21169649;6.478246757;Sur1;90
10200;19.32564574, -99.22541946;7.850262634;Sur1;90
10210;19.32490995, -99.23239201;8.392395616;Sur1;90
10620;19.30665417, -99.25288666;11.3447123;Sur1;140
10700;19.31341885, -99.22449513;8.890933061;Sur1;90
10710;19.31000127, -99.22833346;9.430391969;Sur1;140
10720;19.30749248, -99.22902245;9.702569368;Sur1;140
10800;19.30888973, -99.23446249;9.90339978;Sur1;140
10830;19.30320754, -99.23477759;10.43574299;Sur1;140
10840;19.30382425, -99.23314894;10.28246208;Sur1;140
11000;19.41908818, -99.21906803;6.09083103;Poniente;90
11220;19.44857395, -99.21800538;8.670496487;Norte1;90
11240;19.46313712, -99.1968249;9.418508881;Norte1;140
11259;19.44870908, -99.21095296;8.352008063;Norte1;90
11260;19.45240019, -99.20876826;8.639429446;Norte1;90
11280;19.45747525, -99.19527731;8.768972901;Norte1;90
11289;19.45468546, -99.19982953;8.580168567;Norte1;90
11420;19.45532638, -99.17370653;8.354577246;Norte2;90
11430;19.45092591, -99.19655172;8.088730703;Norte1;90
11460;19.4462773, -99.18577611;7.380401479;Norte1;90
11489;19.44444138, -99.19689263;7.400211322;Norte1;90
11540;19.43279666, -99.19886916;6.231616743;Centro;40
11550;19.43190941, -99.19368776;5.967775272;Centro;40
11600;19.43559906, -99.21786619;7.43194827;Poniente;90
11610;19.44318811, -99.22673651;8.65764679;Norte1;90
11820;19.40379252, -99.20271522;3.675544194;Poniente;60
11850;19.41153163, -99.18523366;3.552961818;Centro;40
11930;19.40339949, -99.23368794;6.374925412;Poniente;90
14000;19.28772723, -99.17043161;10.32511804;Sur2;140
14010;19.29970676, -99.19293949;9.096978748;Sur1;140
14039;19.29760795, -99.17062418;9.228399014;Sur2;140
14040;19.29817062, -99.16356152;9.258605368;Sur2;140
14080;19.28963674, -99.15777257;10.30396812;Sur2;140
14090;19.28012442, -99.16525545;11.22016502;Sur2;140
14100;19.28483883, -99.23577832;12.22133508;Sur1;140
14120;19.30953717, -99.22046261;9.039485005;Sur1;140
14210;19.30062755, -99.20333313;9.247954481;Sur1;140
14219;19.29181155, -99.20075299;10.12390955;Sur1;140
14250;19.28051867, -99.20135886;11.3617635;Sur1;140
14260;19.28281542, -99.192315;10.9429463;Sur1;140
14266;19.29301452, -99.19026188;9.790225878;Sur1;140
14267;19.29304555, -99.18374638;9.721023425;Sur1;140
14270;19.271978, -99.20003548;12.26404049;Sur1;140
14310;19.30526161, -99.13247179;9.617896178;Sur2;140
14325;19.29829893, -99.11411642;11.3206257;Sur2;140
14328;19.29642061, -99.11322583;11.5443582;Sur2;140
14330;19.29590096, -99.10976309;11.80798055;Sur2;140
14340;19.30053807, -99.13768103;9.82936022;Sur2;140
14356;19.30320242, -99.13334554;9.772887911;Sur2;140
14358;19.29061371, -99.13367943;11.00657922;Sur2;140
14360;19.29323465, -99.11299525;11.84639303;Sur2;140
14376;19.2927431, -99.13905361;10.56146384;Sur2;140
14380;19.28460758, -99.13506464;11.55769144;Sur2;140
14386;19.28813108, -99.13776343;11.08695392;Sur2;140
14387;19.2877304, -99.13195869;11.37351759;Sur2;140
14389;19.28782534, -99.14549059;10.83606162;Sur2;140
14390;19.29164067, -99.12359843;11.3951365;Sur2;140
14399;19.29620537, -99.12355512;10.96127798;Sur2;140
14410;19.28287666, -99.18333461;10.8475512;Sur1;140
14438;19.27385179, -99.17805683;11.83693569;Sur2;140
14608;19.2778068, -99.14889976;11.80068492;Sur2;140
14610;19.28556704, -99.14999909;10.93794447;Sur2;140
14620;19.28031854, -99.15579033;11.36073793;Sur2;140
14643;19.27021107, -99.14907877;12.61378557;Sur2;140
14658;19.25678888, -99.18286527;13.74350119;Sur1;140
14735;19.26783422, -99.23629253;13.91903889;Sur1;140
14748;19.27048947, -99.22179738;13.04481263;Sur1;140
15000;19.41262216, -99.09253817;9.6628077;Oriente;140
15100;19.4303988, -99.12254626;8.057552631;Centro;40
15120;19.42956619, -99.12159601;8.066714009;Centro;40
15200;19.44759228, -99.11744299;9.817962896;Norte2;140
15210;19.45676544, -99.11915211;10.50940438;Norte2;140
15230;19.44938687, -99.12057863;9.764486577;Norte2;140
15270;19.44368758, -99.12033444;9.290924429;Norte2;140
15280;19.43591186, -99.11266994;9.233727588;Oriente;140
15299;19.43325727, -99.12005416;8.466239449;Centro;40
15310;19.45250806, -99.11234307;10.58089145;Norte2;140
15320;19.43830627, -99.10794972;9.780548426;Oriente;140
15330;19.44055234, -99.10630525;10.07512776;Oriente;140
15340;19.43921636, -99.11126585;9.590679601;Oriente;140
15350;19.43650155, -99.11783934;8.884530917;Oriente;90
15420;19.44841928, -99.10063045;11.10414686;Norte2;140
15430;19.44710454, -99.09169144;11.7137859;Norte2;140
15460;19.43895359, -99.10406828;10.1362883;Oriente;140
15510;19.4444174, -99.08433731;12.14211176;Norte2;140
15520;19.43941942, -99.08265175;11.97184265;Oriente;140
15540;19.42218227, -99.09714716;9.679749334;Oriente;140
15610;19.42203495, -99.06356592;12.87346986;Oriente;140
15630;19.42624427, -99.06982809;12.44764059;Oriente;140
15650;19.42877682, -99.06827251;12.71332084;Oriente;140
15680;19.42446391, -99.05669266;13.64315102;Oriente;140
15730;19.41610482, -99.08221066;10.81230834;Oriente;140
15740;19.41418399, -99.07802009;11.1481999;Oriente;140
15810;19.42035146, -99.12382859;7.223575003;Centro;40
15820;19.41589116, -99.12473388;6.851182478;Centro;40
15900;19.41588022, -99.10690287;8.446638742;Oriente;90
15940;19.40738703, -99.11063338;7.68644037;Oriente;90
15950;19.42021625, -99.11128403;8.291199972;Oriente;90
15990;19.41277045, -99.11878936;7.188624863;Oriente;90
16030;19.26643903, -99.12284248;13.92389838;Sur2;140
16036;19.30558844, -99.09527137;12.01946072;Sur2;140
9250;19.35304522, -99.06400452;12.34258189;Sur2;140
1000;19.34607232, -99.19317123;4.123349752;Sur1;60
1030;19.35738837, -99.17920298;2.550925444;Centro;40
1040;19.35556682, -99.19157428;3.094551899;Sur1;60
1060;19.34902266, -99.19779541;4.047907863;Sur1;60
1070;19.34456165, -99.18642797;4.070187976;Sur1;60
1130;19.39407601, -99.20607739;3.313923726;Poniente;60
1139;19.39586341, -99.20384173;3.210436574;Poniente;60
1210;19.38312576, -99.24098565;6.608067346;Poniente;90
1219;19.38694733, -99.24061694;6.603310853;Poniente;90
1250;19.38089325, -99.23587402;6.064833911;Poniente;90
1260;19.38247262, -99.22784476;5.227797888;Poniente;60
1275;19.38321106, -99.21978854;4.389098161;Poniente;60
1298;19.37156498, -99.22639993;5.163117894;Poniente;60
1320;19.37939765, -99.24941193;7.485238289;Poniente;90
1376;19.37049399, -99.25486127;8.129898071;Poniente;90
1389;19.35992219, -99.25783711;8.670260169;Poniente;90
1410;19.37808717, -99.20879291;3.233271993;Poniente;60
1420;19.381337, -99.19524214;1.806093526;Centro;40
1430;19.36668458, -99.22591826;5.243838816;Poniente;60
1470;19.37262326, -99.19987364;2.442498428;Centro;40
1530;19.36076308, -99.24736535;7.588052752;Poniente;90
1537;19.36540928, -99.24550521;7.266338062;Poniente;90
1549;19.35704732, -99.24579782;7.561877719;Poniente;90
1566;19.3624637, -99.22555814;5.363062498;Poniente;60
1567;19.36071664, -99.23827799;6.68196443;Poniente;90
1610;19.36147937, -99.21958744;4.833166284;Poniente;60
1630;19.35635277, -99.23255773;6.30694814;Sur1;90
1645;19.35831156, -99.22770941;5.753943635;Poniente;60
1710;19.35726306, -99.20569147;3.868669527;Poniente;60
1729;19.33804274, -99.24843654;8.751810788;Sur1;90
1740;19.34779837, -99.2267168;6.254584509;Sur1;90
1770;19.33031722, -99.23660863;8.283993748;Sur1;90
1789;19.33643991, -99.21556036;6.266404514;Sur1;90
1790;19.34387143, -99.20823491;5.141297657;Sur1;60
1807;19.33324195, -99.25807012;9.891571292;Sur1;140
1859;19.32244943, -99.26843372;11.45791942;Sur1;140
1870;19.32529161, -99.25743662;10.33291844;Sur1;140
1904;19.31820963, -99.22039481;8.209838579;Sur1;90
1940;19.31527885, -99.21868459;8.393241404;Sur1;90
2000;19.48112819, -99.18613792;11.24309391;Norte1;140
2010;19.48648581, -99.18584099;11.83503631;Norte1;140
2040;19.48098217, -99.1781568;11.194897;Norte1;140
2050;19.47812633, -99.1807158;10.88090569;Norte1;140
2090;19.46145047, -99.18371753;9.0425615;Norte1;140
2099;19.46777798, -99.18909375;9.795250074;Norte1;140
2110;19.50573279, -99.18717244;13.97973275;Norte1;140
2129;19.49813722, -99.1871638;13.13718278;Norte1;140
2140;19.49498139, -99.1908766;12.82217089;Norte1;140
2150;19.49442061, -99.19564822;12.82251922;Norte1;140
2160;19.48807173, -99.19116866;12.06180926;Norte1;140
2200;19.49414728, -99.18755243;12.69786681;Norte1;140
2230;19.49981121, -99.1790625;13.28900106;Norte1;140
2310;19.50560575, -99.17545854;13.93557433;Norte2;140
2340;19.4875857, -99.15466393;12.17879858;Norte2;140
2450;19.49313663, -99.19823769;12.72357747;Norte1;140
2460;19.48669445, -99.19403045;11.94803146;Norte1;140
2479;19.48205495, -99.19537817;11.45901576;Norte1;140
2510;19.48396005, -99.17304593;11.53799686;Norte2;140
2520;19.48419951, -99.16996475;11.58377894;Norte2;140
2540;19.47350972, -99.1652685;10.45042043;Norte2;140
2680;19.47456001, -99.16066312;10.6383438;Norte2;140
2719;19.47873195, -99.21666037;11.66924249;Norte1;140
2720;19.48078346, -99.20378058;11.49375923;Norte1;140
2780;19.47328631, -99.19669094;10.52214908;Norte1;140
2860;19.46106496, -99.16272751;9.122986845;Norte2;140
2900;19.47273818, -99.15573505;10.5414199;Norte2;140
2910;19.47071652, -99.15002575;10.47438056;Norte2;140
2920;19.47231518, -99.16096807;10.38695223;Norte2;140
2940;19.47108984, -99.14685676;10.61193873;Norte2;140
2950;19.47041476, -99.15798446;10.23859394;Norte2;140
3010;19.40305582, -99.1475225;4.08148748;Centro;40
3023;19.39322576, -99.1501197;3.263809193;Centro;40
3200;19.3762817, -99.17484113;0.5603147474;Centro;40
3230;19.36880251, -99.17844089;1.279534484;Centro;40
3400;19.39795117, -99.14153328;4.304395527;Centro;40
3410;19.39071368, -99.14199583;3.955801197;Centro;40
3420;19.38970326, -99.14456355;3.665505511;Centro;40
3440;19.38620151, -99.14411219;3.620609767;Centro;40
3540;19.37562506, -99.13812277;4.22129161;Centro;40
3560;19.37055573, -99.13932688;4.204976774;Centro;40
3590;19.35842878, -99.14162776;4.530081298;Centro;40
3640;19.37859533, -99.14112086;3.879240533;Centro;40
3720;19.38054163, -99.17893235;0.095374064;Centro;40
3800;19.3902592, -99.18487286;1.317662464;Centro;40
3900;19.36646589, -99.1853922;1.720308543;Centro;40
3930;19.36556992, -99.1898864;2.055132919;Centro;40
3940;19.36495057, -99.18031961;1.723617026;Centro;40
4020;19.34670644, -99.15790364;4.292704084;Sur2;60
4100;19.35406177, -99.16386154;3.276095029;Sur2;60
4200;19.34597742, -99.13511228;5.904810237;Sur2;60
4230;19.35485085, -99.12685606;6.071326024;Sur2;90
4270;19.34134617, -99.13064803;6.595688781;Sur2;90
4318;19.34331701, -99.18261283;4.140418263;Sur1;60
4336;19.34060682, -99.15496356;5.035337616;Sur2;60
4340;19.33835146, -99.18686783;4.755564075;Sur1;60
4360;19.33384673, -99.17767515;5.165965076;Sur2;60
4368;19.33402745, -99.17460654;5.158442273;Sur2;60
4369;19.32839033, -99.16694122;5.889183637;Sur2;60
4380;19.33055906, -99.14788804;6.372967919;Sur2;90
4400;19.33623923, -99.13354011;6.769059841;Sur2;90
4450;19.33576739, -99.13947123;6.396267846;Sur2;90
4489;19.32575501, -99.11106174;9.284107776;Sur2;140
4500;19.30670031, -99.19805187;8.448886354;Sur1;90
4519;19.33549993, -99.19515725;5.295073173;Sur1;60
4530;19.30591752, -99.18803306;8.337330045;Sur1;90
4620;19.32245944, -99.14136477;7.496047946;Sur2;90
4720;19.30877292, -99.17509295;7.959970443;Sur2;90
4815;19.32548469, -99.13749174;7.434364355;Sur2;90
4849;19.31972866, -99.11510261;9.433695117;Sur2;140
4930;19.30689166, -99.11412306;10.56564425;Sur2;140
4939;19.30808511, -99.11025478;10.72814602;Sur2;140
5118;19.38336242, -99.25398668;7.971586354;Poniente;90
5126;19.38695658, -99.26370303;9.013813687;Poniente;140
5129;19.39240944, -99.26178738;8.884881592;Poniente;90
5130;19.36549864, -99.27688438;10.49661452;Poniente;140
5219;19.37361002, -99.28436852;11.17632474;Poniente;140
5238;19.37227924, -99.29153861;11.93707329;Poniente;140
5249;19.37197321, -99.2788573;10.61395817;Poniente;140
5268;19.3622178, -99.29224397;12.14569172;Poniente;140
5269;19.36855933, -99.29486481;12.3221234;Poniente;140
5270;19.36789271, -99.29735791;12.59013705;Poniente;140
5330;19.35804727, -99.28709216;11.7024393;Poniente;140
5610;19.32690987, -99.29210052;13.35641506;Sur1;140
5619;19.35679875, -99.26538288;9.526029972;Sur1;140
5620;19.35218664, -99.27022669;10.16165273;Sur1;140
6000;19.43270465, -99.13764282;7.205335885;Centro;40
6030;19.43584253, -99.15400576;6.670939222;Centro;40
6060;19.43171431, -99.12955254;7.652370737;Centro;40
6170;19.40922993, -99.17955652;3.220248231;Centro;40
6200;19.44678768, -99.12996114;8.949543735;Norte2;90
6240;19.45849931, -99.12526185;10.308111;Norte2;140
6350;19.44589987, -99.1504809;7.846395936;Norte2;90
6500;19.4300936, -99.16863807;5.623816284;Centro;40
6728;19.42162517, -99.15158289;5.368605512;Centro;40
6740;19.40829186, -99.15691431;3.821457768;Centro;40
6780;19.40543449, -99.14979336;4.074022519;Centro;40
6820;19.41783366, -99.13154988;6.419433105;Centro;40
6840;19.42043298, -99.12829593;6.866622842;Centro;40
6880;19.4055522, -99.14025932;4.857999344;Centro;40
6890;19.40713304, -99.13110049;5.758276419;Centro;40
6900;19.45311248, -99.14090471;8.984747799;Norte2;90
7000;19.47949197, -99.11403471;12.91188359;Norte2;140
7058;19.48471973, -99.1062509;13.83840256;Norte2;140
7370;19.47825856, -99.13379292;11.83989392;Norte2;140
7380;19.47581776, -99.13703121;11.45895041;Norte2;140
7720;19.50072958, -99.15373372;13.63145206;Norte2;140
7739;19.49515095, -99.14176538;13.32537005;Norte2;140
7760;19.48256587, -99.13836588;12.10882579;Norte2;140
7790;19.47031312, -99.14135298;10.72319998;Norte2;140
7800;19.47497198, -99.12578051;11.86854342;Norte2;140
7810;19.47499912, -99.11660658;12.34499823;Norte2;140
7840;19.46544379, -99.12028319;11.23985167;Norte2;140
7859;19.46186865, -99.10718164;11.72614563;Norte2;140
7869;19.46256217, -99.1109171;11.54284419;Norte2;140
7958;19.47188174, -99.08755719;13.91979784;Norte2;140
7969;19.45653775, -99.08929694;12.58978283;Norte2;140
7970;19.45142311, -99.0718312;13.66169819;Norte2;140
8000;19.39215445, -99.09545782;8.763668744;Oriente;90
8040;19.38255371, -99.0975401;8.449578492;Oriente;90
8160;19.40884822, -99.07083433;11.68553391;Oriente;140
8170;19.40938717, -99.06817303;11.97044352;Oriente;140
8310;19.40371864, -99.11646498;6.965263648;Oriente;90
8400;19.40220687, -99.09692438;8.851597174;Oriente;90
8500;19.39531773, -99.07085319;11.36796827;Oriente;140
8700;19.39173468, -99.10877578;7.377436081;Oriente;90
8730;19.39261342, -99.10134817;8.161773356;Oriente;90
8800;19.38760293, -99.12550507;5.571873005;Centro;40
9000;19.36225238, -99.09427113;9.015603806;Oriente;140
9010;19.38875563, -99.08232746;10.08527106;Oriente;140
9030;19.386592, -99.08746484;9.528274032;Oriente;140
9070;19.36359645, -99.10718314;7.663411446;Oriente;90
9090;19.36148914, -99.11854476;6.584248543;Oriente;90
9208;19.3756807, -99.05141935;13.29386368;Oriente;140
9229;19.3861929, -99.0475056;13.70966025;Oriente;140
9260;19.34923901, -99.061629;12.69302307;Sur2;140
9300;19.36826858, -99.07646152;10.74104419;Oriente;140
9360;19.35608188, -99.0776093;10.87611252;Sur2;140
9368;19.35444814, -99.07116314;11.57630952;Sur2;140
9369;19.35949497, -99.07666166;10.88540411;Oriente;140
9400;19.37209732, -99.11618876;6.553801714;Oriente;90
9450;19.3626629, -99.13706461;4.726545475;Centro;40
9470;19.36121716, -99.1322916;5.249176109;Centro;40
9800;19.33684996, -99.1044986;9.10493594;Sur2;140
9828;19.35388464, -99.10070743;8.629764551;Sur2;90
9836;19.34355284, -99.06348492;12.69518247;Sur2;140
9837;19.35139558, -99.07879488;10.89797629;Sur2;140
9838;19.35306976, -99.08529227;10.19177086;Sur2;140
9864;19.32806774, -99.08089039;11.73267455;Sur2;140
9869;19.32828663, -99.07154586;12.58259518;Sur2;140
9920;19.30594663, -99.08181064;13.05125637;Sur2;140
10000;19.31503468, -99.24064689;9.787297847;Sur1;140
10020;19.32003251, -99.24327166;9.577283931;Sur1;140
10300;19.31399877, -99.25762164;11.13719108;Sur1;140
10309;19.30887139, -99.25908352;11.63423591;Sur1;140
10320;19.32524881, -99.2505177;9.760359183;Sur1;140
10340;19.31982383, -99.24851796;9.993519312;Sur1;140
10350;19.31217176, -99.26378867;11.7599007;Sur1;140
10369;19.30638567, -99.26924766;12.61316188;Sur1;140
10370;19.31328406, -99.25092505;10.67612869;Sur1;140
10379;19.31338931, -99.25348073;10.86171783;Sur1;140
10580;19.30603057, -99.23915501;10.45454951;Sur1;140
10610;19.31165715, -99.2459838;10.44277821;Sur1;140
10630;19.30049382, -99.26125754;12.44811185;Sur1;140
10660;19.30257447, -99.26533405;12.59172782;Sur1;140
10740;19.31187357, -99.22392807;9.0032291;Sur1;140
10810;19.31169928, -99.23110241;9.442707645;Sur1;140
10910;19.30247259, -99.24539252;11.17176124;Sur1;140
10920;19.29541519, -99.23708832;11.28971094;Sur1;140
11210;19.46749927, -99.20063884;9.980620977;Norte1;140
11230;19.4601493, -99.20750641;9.400122149;Norte1;140
11239;19.45749869, -99.20196336;8.942227334;Norte1;90
11250;19.44861051, -99.2085178;8.239701442;Norte1;90
11270;19.4559131, -99.20360624;8.823905869;Norte1;90
11300;19.43633017, -99.17452154;6.24085561;Centro;40
11310;19.4448492, -99.18101795;7.183799472;Norte1;90
11320;19.44417014, -99.17693268;7.102566523;Norte2;90
11330;19.44849713, -99.16919348;7.639507097;Norte2;90
11340;19.4518073, -99.1702895;7.992435317;Norte2;90
11370;19.4405955, -99.16925334;6.767405614;Centro;40
11400;19.45453082, -99.17931433;8.254689161;Norte1;90
11470;19.4493428, -99.20085168;8.040295635;Norte1;90
11480;19.44644255, -99.20158338;7.757048344;Norte1;90
11490;19.44526347, -99.19466542;7.43015313;Norte1;90
11500;19.44241416, -99.21002887;7.677170503;Norte1;90
11520;19.44027601, -99.19216558;6.830718883;Centro;40
11529;19.44303999, -99.20096477;7.37795618;Norte1;90
11590;19.43125753, -99.17795301;5.665780088;Centro;40
11619;19.43904775, -99.22234957;8.015186683;Poniente;90
11650;19.43178187, -99.2168674;7.023620237;Poniente;90
11800;19.40165407, -99.1789629;2.37591106;Centro;40
11810;19.40190563, -99.20741219;3.904945816;Poniente;60
11830;19.40518524, -99.19925776;3.549413604;Centro;40
11840;19.40879614, -99.19416211;3.590278365;Centro;40
11870;19.40056413, -99.18789975;2.478033994;Centro;40
14049;19.30048885, -99.16406568;8.995646107;Sur2;90
14050;19.29482612, -99.16237815;9.646039335;Sur2;140
14060;19.2993658, -99.18267586;9.012937851;Sur1;140
14108;19.27739153, -99.24333443;13.33647269;Sur1;140
14110;19.30247329, -99.21439433;9.456841063;Sur1;140
14140;19.30543578, -99.22651155;9.754374429;Sur1;140
14148;19.30812419, -99.22643933;9.496446547;Sur1;140
14220;19.27555652, -99.2184378;12.39405833;Sur1;140
14230;19.27585886, -99.2230076;12.53490032;Sur1;140
14239;19.27743494, -99.22733536;12.55281502;Sur1;140
14248;19.26895038, -99.2110602;12.85705722;Sur1;140
14268;19.29203843, -99.18040295;9.817756858;Sur1;140
14308;19.29806647, -99.12291854;10.82081328;Sur2;140
14320;19.30232931, -99.12595148;10.25008196;Sur2;140
14327;19.29648778, -99.11730527;11.29128184;Sur2;140
14336;19.29585359, -99.105357;12.09819425;Sur2;140
14370;19.29550906, -99.14593351;10.01312082;Sur2;140
14377;19.29003561, -99.1433149;10.67886389;Sur2;140
14378;19.28958599, -99.14046089;10.83130905;Sur2;140
14388;19.28475232, -99.14373897;11.21849645;Sur2;140
14409;19.25987857, -99.16660512;13.44451263;Sur2;140
14420;19.27860752, -99.17932292;11.30890109;Sur1;140
14427;19.27489163, -99.19141519;11.80479767;Sur1;140
14428;19.27968067, -99.18272068;11.19948221;Sur1;140
14440;19.27018633, -99.17525105;12.24805952;Sur2;140
14600;19.27800689, -99.14366281;11.93372913;Sur2;140
14609;19.28067216, -99.14981835;11.46797505;Sur2;140
14639;19.27442872, -99.16071738;11.91257175;Sur2;140
14640;19.27004932, -99.15749145;12.44825056;Sur2;140
14646;19.2721688, -99.14448913;12.52939859;Sur2;140
14647;19.26768337, -99.15277487;12.80077947;Sur2;140
14650;19.26529074, -99.1706324;12.81259879;Sur2;140
14657;19.26048715, -99.1871908;13.35743134;Sur1;140
14659;19.25795476, -99.17814048;13.60460598;Sur1;140
14720;19.26878417, -99.22700634;13.42199398;Sur1;140
14737;19.27210598, -99.2348815;13.42743928;Sur1;140
14739;19.2720967, -99.23051232;13.23118326;Sur1;140
14749;19.26952857, -99.21795627;13.00964809;Sur1;140
15010;19.41636711, -99.0934145;9.741351303;Oriente;140
15020;19.40934398, -99.08231396;10.54856636;Oriente;140
15240;19.44677585, -99.11480408;9.931641267;Norte2;140
15250;19.44830901, -99.11295307;10.18819966;Norte2;140
15260;19.44365647, -99.11441119;9.704613803;Norte2;140
15290;19.43356445, -99.11754077;8.680848484;Oriente;90
15300;19.44427602, -99.10890007;10.15896622;Norte2;140
15309;19.44982728, -99.10765024;10.69037041;Norte2;140
15370;19.43594141, -99.10926887;9.503776976;Oriente;140
15410;19.44874076, -99.09655974;11.44377328;Norte2;140
15440;19.44555049, -99.10139946;10.82910777;Norte2;140
15450;19.44291576, -99.10286625;10.51930045;Norte2;140
15470;19.43540573, -99.10739;9.616158966;Oriente;140
15500;19.42792403, -99.10581681;9.24357373;Oriente;140
15620;19.43530611, -99.07154353;12.73556467;Oriente;140
15660;19.4287521, -99.05669999;13.82106518;Oriente;140
15710;19.4213133, -99.09349845;9.972398239;Oriente;140
15750;19.41170259, -99.07652085;11.20739812;Oriente;140
15800;19.40687598, -99.12396652;6.39676243;Centro;40
15830;19.41152923, -99.12615626;6.45675588;Centro;40
15840;19.41054863, -99.12339504;6.646922969;Centro;40
15870;19.41301392, -99.1230289;6.822159331;Centro;40
15960;19.42351946, -99.11777803;7.941166613;Oriente;90
16010;19.27904402, -99.12782539;12.43220824;Sur2;140
16020;19.27401001, -99.13566796;12.62859744;Sur2;140
16035;19.28278583, -99.11948112;12.46429524;Sur2;140
16058;19.26692826, -99.12548031;13.76115988;Sur2;140
52774;19.42098856, -99.28959758;12.54258436;Poniente;140
52770;19.42747505, -99.2676999;10.76567087;Poniente;140
52784;19.41809545, -99.25528363;9.124724432;Poniente;140
52785;19.4118589, -99.26742353;10.00816271;Poniente;140
52780;19.41085667, -99.24988206;8.263772002;Poniente;90
52783;19.42323123, -99.26340755;10.14456185;Poniente;140
52776;19.41747867, -99.27718467;11.18817095;Poniente;140
52778;19.4117102, -99.27201023;10.45452976;Poniente;140
52775;19.41109673, -99.27597026;10.82515266;Poniente;140
52786;19.40420691, -99.26455792;9.453908317;Poniente;140
52788;19.39355566, -99.27283624;10.04981954;Poniente;140
52779;19.40554979, -99.28707844;11.77419225;Poniente;140
52787;19.39980552, -99.27752007;10.65528154;Poniente;140
52789;19.38765118, -99.2763481;10.34207254;Poniente;140
52765;19.38506135, -99.28331163;11.05292511;Poniente;140
52763;19.38875621, -99.29037986;11.8189581;Poniente;140
52764;19.37492582, -99.29405033;12.18173631;Poniente;140
52777;19.41883458, -99.27086977;10.63534374;Poniente;140
57610;19.40053379, -99.04695159;13.93428475;Oriente;140
57450;19.40776916, -99.05235332;13.53372973;Oriente;140
57440;19.40889844, -99.04881881;13.92322968;Oriente;140
57420;19.41297001, -99.05315732;13.59435634;Oriente;140
57465;19.40255315, -99.05033344;13.623244;Oriente;140
57400;19.41909179, -99.0548778;13.62033076;Oriente;140
57430;19.41299066, -99.05544611;13.36380474;Oriente;140
57425;19.41031181, -99.05569427;13.26079389;Oriente;140
57460;19.40395803, -99.05417473;13.25729559;Oriente;140
53550;19.46013587, -99.23251712;10.55530088;Norte1;140
53560;19.46005984, -99.22625222;10.20744336;Norte1;140
53569;19.46173385, -99.22362043;10.23788721;Norte1;140
53398;19.45596481, -99.22214312;9.599655018;Norte1;140
53320;19.49137006, -99.21783899;13.03539469;Norte1;140
53700;19.45302631, -99.25094496;11.12718055;Norte1;140
53350;19.47688165, -99.22407243;11.77313502;Norte1;140
53500;19.46941081, -99.22914803;11.26390809;Norte1;140
53070;19.4738615, -99.23677534;12.08869672;Norte1;140
53279;19.48095064, -99.25186223;13.60668226;Norte1;140
53940;19.42441375, -99.24197883;8.306603437;Poniente;90
53687;19.44874952, -99.272508;12.4913997;Norte1;140
53664;19.45234773, -99.27077219;12.59802249;Norte1;140
53660;19.4578385, -99.25660806;11.92409469;Norte1;140
53378;19.47020156, -99.21305549;10.64853957;Norte1;140
53329;19.48606102, -99.2183649;12.49609496;Norte1;140
53390;19.45515211, -99.21822119;9.3277723;Norte1;140
53909;19.42655918, -99.24011731;8.295577164;Poniente;90
53970;19.42450509, -99.23041162;7.36920166;Poniente;90
53930;19.42931748, -99.24280896;8.707431414;Poniente;90
53900;19.43108897, -99.23506038;8.223619778;Poniente;90
53839;19.43016794, -99.25070438;9.422897886;Poniente;140
53830;19.43211708, -99.25187207;9.649962806;Poniente;140
53800;19.43314339, -99.25820677;10.25558058;Poniente;140
53598;19.44312769, -99.24662887;10.02563096;Norte1;140
53570;19.45332531, -99.24251471;10.56499899;Norte1;140
53770;19.44698122, -99.2472689;10.37555488;Norte1;140
53718;19.4402105, -99.26443653;11.24436955;Poniente;140
53810;19.43509183, -99.25375;10.00647962;Poniente;140
53819;19.43728162, -99.25257841;10.06077539;Poniente;140
53580;19.45981479, -99.24675234;11.40444601;Norte1;140
53520;19.46189951, -99.23797107;11.03602869;Norte1;140
53708;19.45314214, -99.25590958;11.50012394;Norte1;140
53640;19.45550722, -99.25588242;11.68479719;Norte1;140
53788;19.45022935, -99.2580875;11.44089832;Norte1;140
53490;19.46216717, -99.25456727;12.13397542;Norte1;140
53426;19.4588115, -99.26843943;12.88570002;Norte1;140
53690;19.44673034, -99.27654565;12.69790869;Norte1;140
53695;19.43803088, -99.29391301;13.74162151;Poniente;140
53713;19.43255439, -99.27304121;11.53202241;Poniente;140
53717;19.43183822, -99.26969542;11.18933105;Poniente;140
53798;19.43437402, -99.26267198;10.71891388;Poniente;140
53719;19.4353808, -99.27333172;11.71940535;Poniente;140
53710;19.43760219, -99.26754148;11.34297819;Poniente;140
53716;19.44198378, -99.2701171;11.84268498;Norte1;140
53714;19.43867511, -99.2757343;12.12691879;Poniente;140
53680;19.44551933, -99.27474524;12.4660269;Norte1;140
53760;19.44517516, -99.26747502;11.83078767;Norte1;140
53530;19.45780809, -99.23719324;10.61734986;Norte1;140
53519;19.46555357, -99.22939313;10.90123693;Norte1;140
53370;19.46968359, -99.2217355;10.94316348;Norte1;140
53348;19.47969342, -99.22207398;11.97667779;Norte1;140
53340;19.48483531, -99.22170016;12.49176761;Norte1;140
53300;19.49353288, -99.22804628;13.63796199;Norte1;140
53309;19.49210558, -99.22151467;13.24055218;Norte1;140
53310;19.48830009, -99.23075792;13.21905383;Norte1;140
53330;19.48449391, -99.22725369;12.68196863;Norte1;140
53278;19.47838395, -99.25436097;13.52628877;Norte1;140
53040;19.47825198, -99.23914427;12.63535576;Norte1;140
53060;19.47731699, -99.23502897;12.33110919;Norte1;140
53410;19.47164663, -99.24830747;12.54704047;Norte1;140
53460;19.46764308, -99.2512245;12.37679747;Norte1;140
53696;19.43988653, -99.28626523;13.14058121;Poniente;140
53694;19.43636998, -99.29001127;13.29362449;Poniente;140
53689;19.44149916, -99.28095752;12.75766245;Norte1;140
53425;19.46103488, -99.27218959;13.34268194;Norte1;140
53420;19.46499485, -99.26784196;13.3165706;Norte1;140
53670;19.45061029, -99.28210029;13.4226034;Norte1;140
53809;19.43918953, -99.25184377;10.13673338;Poniente;140
53780;19.44424516, -99.25342037;10.63087673;Norte1;140
53790;19.44001069, -99.25581885;10.51583719;Poniente;140
53799;19.44080062, -99.25924487;10.85107842;Poniente;140
53787;19.44305406, -99.26021117;11.08669318;Norte1;140
53730;19.44750517, -99.25699723;11.15214678;Norte1;140
53688;19.45223757, -99.25995915;11.73664628;Norte1;140
53296;19.47367407, -99.26708662;13.96242235;Norte1;140
53270;19.4767464, -99.25890762;13.67039023;Norte1;140
53458;19.47510949, -99.24434514;12.62727747;Norte1;140
53459;19.46862213, -99.24753516;12.22800061;Norte1;140
53450;19.46956465, -99.2463955;12.24197568;Norte1;140
53030;19.4710867, -99.24617557;12.36623317;Norte1;140
53440;19.46841588, -99.25365398;12.60300273;Norte1;140
53430;19.46611495, -99.25347656;12.39330201;Norte1;140
53400;19.46988692, -99.25699211;12.95143254;Norte1;140
53529;19.465937, -99.23594707;11.29243606;Norte1;140
53470;19.46936112, -99.24324454;12.03290019;Norte1;140
53489;19.46721866, -99.24369251;11.86483319;Norte1;140
53010;19.48364665, -99.23671119;13.03356285;Norte1;140
53050;19.48036298, -99.23510366;12.63215147;Norte1;140
53150;19.48745825, -99.24207626;13.67587819;Norte1;140
53338;19.48269469, -99.23210135;12.71770478;Norte1;140
53840;19.42993782, -99.24396598;8.845260807;Poniente;90
53820;19.43462812, -99.24737356;9.451676531;Poniente;140
53960;19.42895353, -99.22545347;7.346516356;Poniente;90
53910;19.43450783, -99.22965649;8.100018008;Poniente;90
53000;19.47303903, -99.23415031;11.87132038;Norte1;140
53339;19.48519643, -99.23128274;12.93003186;Norte1;140
53950;19.42253594, -99.2353348;7.624829398;Poniente;90
53533;19.4458477, -99.23266117;9.268631798;Norte1;140
